Páginas principais,Cliques,Impressões,CTR,Posição
https://fymoob.com/,580,1747,33.2%,3.84
https://fymoob.com/busca?finalidade=Aluguel&order=menor-preco,12,882,1.36%,2.6
https://fymoob.com/contato,11,1112,0.99%,2.63
https://fymoob.com/busca?tipo=Casa&ordenar,9,824,1.09%,1.48
https://fymoob.com/imovel/apartamento-batel-curitiba-pr-263m2-69803405,9,537,1.68%,7.19
https://fymoob.com/sobre,7,708,0.99%,2.66
https://fymoob.com/imovel/loja-xaxim-curitiba-pr-55.85m2-69804208,7,141,4.96%,10.7
https://fymoob.com/imovel/chacara-campina-das-pedras-araucaria-pr-2-quartos-68000m2-69802233,6,138,4.35%,8.65
https://fymoob.com/imovel/studio-portao-curitiba-pr-1-quartos-23.65m2-69804395,5,158,3.16%,5.7
https://fymoob.com/imovel/sala-comercial-campina-do-siqueira-curitiba-pr-37.9m2-69802215,4,72,5.56%,8.1
https://fymoob.com/imovel/apartamento-duplex-mossungue-curitiba-pr-2-quartos-116.83m2-69804720,4,52,7.69%,10.83
https://fymoob.com/busca?finalidade=Venda&order=menor-preco&min=10000.00,3,614,0.49%,1.69
https://fymoob.com/busca?tipo=Ch%C3%A1cara&listagem=lista,3,492,0.61%,1.47
https://fymoob.com/imovel/sobrado-cidade-industrial-curitiba-pr-3-quartos-88m2-69803496,3,140,2.14%,9.19
https://fymoob.com/imovel/apartamento-campina-do-siqueira-curitiba-pr-3-quartos-198m2-69804789,3,63,4.76%,9.43
https://fymoob.com/imovel/AP00945/apartamento-3-quartos-mossungue-curitiba/venda,2,69,2.9%,9.06
https://fymoob.com/imovel/sobrado-santa-quiteria-curitiba-pr-3-quartos-107m2-69804095,2,62,3.23%,8.06
https://fymoob.com/busca?DestaqueWeb=Sim&Lancamento=Sim,1,559,0.18%,1.59
https://fymoob.com/imovel/casa-em-condominio-portao-curitiba-pr-3-quartos-69803237,1,290,0.34%,9.77
https://fymoob.com/anuncie,1,238,0.42%,5.41
https://fymoob.com/imovel/apartamento-portao-curitiba-pr-2-quartos-56.09m2-AP00822,1,78,1.28%,7.91
https://fymoob.com/imovel/apartamento-mossungue-curitiba-pr-1-quartos-61.91m2-AP00762,1,53,1.89%,8.72
https://fymoob.com/imovel/apartamento-batel-curitiba-pr-3-quartos-200m2-AP01034,1,52,1.92%,13.35
https://fymoob.com/imovel/studio-mossungue-curitiba-pr-1-quartos-48.72m2-69803879,1,47,2.13%,7.4
https://fymoob.com/imovel/apartamento-cidade-industrial-curitiba-pr-2-quartos-44.17m2-69803256,1,40,2.5%,6.12
https://fymoob.com/imovel/apartamento-cajuru-curitiba-pr-1-quartos-25.11m2-69804451,1,40,2.5%,6.72
https://fymoob.com/imovel/apartamento-campo-comprido-curitiba-pr-2-quartos-74.57m2-69804165,1,34,2.94%,6.68
https://fymoob.com/imovel/terreno-umbara-curitiba-pr-69805010,1,28,3.57%,6.93
https://fymoob.com/imovel/studio-mossungue-curitiba-pr-1-quartos-35.25m2-AP00900,1,23,4.35%,7.04
https://fymoob.com/imovel/casa-sitio-cercado-curitiba-pr-4-quartos-254m2-CA02121,1,11,9.09%,6.45
https://fymoob.com/imovel/chacara-vila-david-antonio-campo-largo-pr-2-quartos-100m2-69803813,1,10,10%,8
https://fymoob.com/imovel/sobrado-cidade-industrial-curitiba-pr-2-quartos-71m2-69805411,1,8,12.5%,5.88
https://fymoob.com/imovel/loja-xaxim-curitiba-pr-107m2-69804224,1,5,20%,4.8
https://fymoob.com/imovel/terreno-barreirinha-curitiba-pr-69805069,1,3,33.33%,6.33
https://fymoob.com/imovel/casa-bom-retiro-curitiba-pr-2-quartos-100m2-69804971,1,3,33.33%,6.67
https://fymoob.com/imovel/apartamento-centro-curitiba-pr-1-quartos-22.74m2-ST00016,1,3,33.33%,11
https://fymoob.com/imovel/apartamento-pinheirinho-curitiba-pr-2-quartos-53.45m2-AP01000,0,215,0%,6.98
https://fymoob.com/imovel/apartamento-novo-mundo-curitiba-pr-2-quartos-46.9m2-69804954,0,57,0%,4.65
https://fymoob.com/imovel/apartamento-portao-curitiba-pr-3-quartos-67.24m2-AP00758,0,56,0%,11.09
https://fymoob.com/busca?finalidade=Venda&DestaqueWeb=Sim&Lancamento=Nao,0,55,0%,3.22
https://fymoob.com/imovel/apartamento-campo-comprido-curitiba-pr-2-quartos-74.57m2-AP00942,0,54,0%,12.57
https://fymoob.com/imovel/apartamento-mossungue-curitiba-pr-4-quartos-185.31m2-AP00773,0,44,0%,8.68
https://fymoob.com/imovel/apartamento-mossungue-curitiba-pr-3-quartos-217m2-AP01004,0,40,0%,9.1
https://fymoob.com/busca?SuperDestaqueWeb=Sim&Lancamento=Nao,0,37,0%,5.49
https://fymoob.com/imovel/apartamento-batel-curitiba-pr-2-quartos-106.86m2-69804925,0,29,0%,8.86
https://fymoob.com/imovel/sobrado-agua-verde-curitiba-pr-3-quartos-260.29m2-69805341,0,23,0%,10.39
https://fymoob.com/imovel/apartamento-seminario-curitiba-pr-2-quartos-96m2-69804752,0,17,0%,7.53
https://fymoob.com/imovel/apartamento-guaira-curitiba-pr-1-quartos-27.89m2-69804277,0,17,0%,10.35
https://fymoob.com/politica-privacidade,0,16,0%,4.62
https://destaques.fymoob.com/chateaulatour,0,16,0%,5.94
https://fymoob.com/imovel/apartamento-campo-de-santana-curitiba-pr-2-quartos-42m2-69805137,0,15,0%,6.73
https://destaques.fymoob.com/veganeoville,0,15,0%,7.07
https://fymoob.com/imovel/chacara-vila-david-antonio-campo-largo-pr-4-quartos-69803254,0,13,0%,11.85
https://fymoob.com/imovel/apartamento-agua-verde-curitiba-pr-3-quartos-115.83m2-AP00828,0,12,0%,8.92
https://fymoob.com/imovel/apartamento-agua-verde-curitiba-pr-3-quartos-129.59m2-69803421,0,12,0%,10.25
https://fymoob.com/imovel/apartamento-centro-curitiba-pr-1-quartos-19.36m2-AP01115,0,9,0%,7.78
https://fymoob.com/imovel/terreno-campo-de-santana-curitiba-pr-69802966,0,9,0%,7.78
https://fymoob.com/imovel/sobrado-cidade-industrial-curitiba-pr-3-quartos-64m2-69804970,0,9,0%,11.22
https://fymoob.com/imovel/apartamento-sitio-cercado-curitiba-pr-2-quartos-46m2-69804972,0,8,0%,5.62
https://fymoob.com/imovel/casa-em-condominio-boqueirao-curitiba-pr-4-quartos-127m2-69805013,0,8,0%,6.5
https://fymoob.com/imovel/apartamento-campo-comprido-curitiba-pr-3-quartos-211m2-69803208,0,7,0%,3.43
https://fymoob.com/imovel/kitnet-campo-de-santana-curitiba-pr-1-quartos-15m2-69805056,0,6,0%,6.5
https://fymoob.com/imovel/casa-tatuquara-curitiba-pr-2-quartos-41.6m2-69803062,0,6,0%,8.33
https://fymoob.com/imovel/casa-campo-de-santana-curitiba-pr-2-quartos-44m2-CA00602,0,6,0%,9.33
https://fymoob.com/imovel/apartamento-sitio-cercado-curitiba-pr-2-quartos-50.76m2-AP00085,0,5,0%,6.4
https://fymoob.com/imovel/apartamento-batel-curitiba-pr-3-quartos-131.19m2-AP01044,0,5,0%,8.4
https://fymoob.com/imovel/sobrado-umbara-curitiba-pr-3-quartos-100.4m2-69804080,0,5,0%,8.6
https://fymoob.com/imovel/apartamento-batel-curitiba-pr-1-quartos-34.73m2-AP00754,0,5,0%,8.8
https://fymoob.com/imovel/apartamento-bigorrilho-curitiba-pr-3-quartos-177m2-AP01067,0,5,0%,10.8
https://fymoob.com/imovel/terreno-agua-verde-curitiba-pr-69803087,0,4,0%,2
https://fymoob.com/imovel/sobrado-boqueirao-curitiba-pr-3-quartos-115m2-69803420,0,4,0%,4.75
https://fymoob.com/imovel/apartamento-capao-raso-curitiba-pr-2-quartos-54.71m2-AP00933,0,4,0%,7.25
https://fymoob.com/imovel/sobrado-sitio-cercado-curitiba-pr-2-quartos-67.44m2-CA00735,0,4,0%,7.25
https://fymoob.com/imovel/casa-alto-boqueirao-curitiba-pr-2-quartos-42m2-69805338,0,4,0%,7.5
https://fymoob.com/imovel/apartamento-campina-do-siqueira-curitiba-pr-2-quartos-66.72m2-69804923,0,4,0%,8.25
https://fymoob.com/imovel/casa-cidade-industrial-curitiba-pr-3-quartos-69803152,0,4,0%,9.25
https://fymoob.com/busca?tipo=Casa&pagina=5&listagem=lista,0,3,0%,2.67
https://fymoob.com/imovel/apartamento-campina-do-siqueira-curitiba-pr-2-quartos-117.9m2-69805182,0,3,0%,3.33
https://fymoob.com/imovel/studio-bom-jesus-sao-jose-dos-pinhais-pr-1-quartos-30.38m2-69803923,0,3,0%,6
https://fymoob.com/imovel/casa-cidade-industrial-curitiba-pr-2-quartos-34.95m2-69803687,0,3,0%,10
https://fymoob.com/imovel/terreno-umbara-curitiba-pr-69805009,0,3,0%,10.67
https://fymoob.com/imovel/sobrado-campo-de-santana-curitiba-pr-3-quartos-67m2-69804219,0,3,0%,12
https://www.fymoob.com/imovel/studio-centro-curitiba-pr-1-quartos-23.84m2-69803899,0,3,0%,30.67
https://fymoob.com/imovel/terreno-cidade-industrial-curitiba-pr-TE00121,0,2,0%,1.5
https://fymoob.com/imovel/sobrado-cidade-industrial-curitiba-pr-3-quartos-116m2-69804940,0,2,0%,2
https://fymoob.com/imovel/sobrado-bairro-alto-curitiba-pr-3-quartos-198m2-CA02611,0,2,0%,2.5
https://fymoob.com/imovel/ponto-comercial-tatuquara-curitiba-pr-104m2-69805378,0,2,0%,3.5
https://destaques.fymoob.com/amaz,0,2,0%,5
https://fymoob.com/imovel/sobrado-agua-verde-curitiba-pr-3-quartos-291.79m2-69805342,0,2,0%,7
https://fymoob.com/imovel/apartamento-bigorrilho-curitiba-pr-3-quartos-159.33m2-AP00540,0,2,0%,7.5
https://fymoob.com/imovel/terreno-nacoes-fazenda-rio-grande-pr-69804348,0,2,0%,9
https://fymoob.com/imovel/apartamento-campina-do-siqueira-curitiba-pr-3-quartos-78.17m2-69804924,0,2,0%,9.5
https://fymoob.com/imovel/terreno-guatupe-sao-jose-dos-pinhais-pr-TE00187,0,2,0%,9.5
https://fymoob.com/busca/,0,2,0%,11
https://fymoob.com/imovel/sobrado-pilarzinho-curitiba-pr-3-quartos-139.4m2-69804104,0,2,0%,16
https://fymoob.com/imovel/apartamento-boa-vista-curitiba-pr-3-quartos-89.49m2-69803115,0,2,0%,18.5
https://fymoob.com/imovel/apartamento-alto-da-rua-xv-curitiba-pr-1-quartos-25.26m2-AP01011,0,1,0%,1
https://fymoob.com/imovel/chacara-povoado-do-boa-vista-sao-joao-do-triunfo-pr-3-quartos-100m2-CH00029,0,1,0%,1
https://fymoob.com/imovel/apartamento-hauer-curitiba-pr-2-quartos-52.2m2-AP01065,0,1,0%,2
https://fymoob.com/imovel/casa-guatupe-sao-jose-dos-pinhais-pr-2-quartos-80m2-69805336,0,1,0%,2
https://fymoob.com/imovel/apartamento-ecoville-curitiba-pr-3-quartos-120m2-AP01088,0,1,0%,3
https://fymoob.com/imovel/sobrado-cidade-industrial-curitiba-pr-2-quartos-69804700,0,1,0%,3
https://fymoob.com/imovel/sobrado-tatuquara-curitiba-pr-2-quartos-71m2-69805070,0,1,0%,3
https://fymoob.com/imovel/apartamento-portao-curitiba-pr-3-quartos-63.77m2-AP00824,0,1,0%,5
https://fymoob.com/imovel/apartamento-vila-izabel-curitiba-pr-2-quartos-81.1m2-69804835,0,1,0%,5
https://fymoob.com/imovel/apartamento-xaxim-curitiba-pr-3-quartos-193m2-69805180,0,1,0%,5
https://fymoob.com/imovel/sobrado-campo-de-santana-curitiba-pr-3-quartos-92m2-69805169,0,1,0%,5
https://fymoob.com/imovel/apartamento-xaxim-curitiba-pr-3-quartos-132m2-69805181,0,1,0%,6
https://fymoob.com/imovel/apartamento-bigorrilho-curitiba-pr-2-quartos-126m2-AP00539,0,1,0%,7
https://fymoob.com/imovel/apartamento-centro-curitiba-pr-1-quartos-33.94m2-ST00016,0,1,0%,8
https://fymoob.com/imovel/apartamento-cidade-industrial-curitiba-pr-2-quartos-47m2-69804518,0,1,0%,8
https://fymoob.com/imovel/apartamento-portao-curitiba-pr-1-quartos-16.74m2-ST00010,0,1,0%,8
https://fymoob.com/imovel/casa-fazendinha-curitiba-pr-2-quartos-104m2-69803847,0,1,0%,8
https://fymoob.com/imovel/sala-comercial-campo-comprido-curitiba-pr-88.2m2-69803220,0,1,0%,8
https://fymoob.com/imovel/apartamento-cajuru-curitiba-pr-1-quartos-34.99m2-69804450,0,1,0%,9
https://fymoob.com/imovel/apartamento-sitio-cercado-curitiba-pr-2-quartos-46.12m2-69805410,0,1,0%,9
https://fymoob.com/imovel/terreno-cidade-industrial-curitiba-pr-69803584,0,1,0%,9
https://fymoob.com/imovel/apartamento-hauer-curitiba-pr-3-quartos-63.8m2-AP01066,0,1,0%,10
https://fymoob.com/imovel/apartamento-italia-sao-jose-dos-pinhais-pr-2-quartos-53m2-AP00923,0,1,0%,10
https://fymoob.com/imovel/apartamento-vila-izabel-curitiba-pr-2-quartos-96.36m2-AP00948,0,1,0%,16
https://fymoob.com/imovel/cobertura-mossungue-curitiba-pr-3-quartos-249.54m2-AP00946,0,1,0%,16
https://fymoob.com/imovel/apartamento-boa-vista-curitiba-pr-3-quartos-82.15m2-69803603,0,1,0%,17